{"lr": [9.999999747378752e-05, 0.0030799999367445707, 0.006060000043362379, 0.009039999917149544, 0.012020000256597996, 0.014297354966402054, 0.013995257206261158, 0.01364373043179512, 0.013245449401438236, 0.012803447432816029, 0.012321085669100285, 0.011802036315202713, 0.011250250041484833, 0.01066992525011301, 0.010065479204058647, 0.009441513568162918, 0.008802773430943489, 0.008154124021530151, 0.007500499486923218, 0.006846874486654997, 0.006198224611580372, 0.005559486802667379, 0.004935520235449076, 0.004331073723733425, 0.0037507496308535337, 0.00319896312430501, 0.002679914003238082, 0.0021975527051836252, 0.001755548408254981, 0.0013572681928053498, 0.0010057425824925303, 0.0007036449969746172, 0.0004532747552730143, 0.000256538885878399, 0.00011493443162180483, 2.9537697628256865e-05, 9.999999974752427e-07, 9.999999974752427e-07, 9.999999974752427e-07, 9.999999974752427e-07, 9.999999974752427e-07], "loss": [0.6958977580070496, 0.34773945808410645, 0.255622923374176, 0.2568970322608948, 0.2687232494354248, 0.27414563298225403, 0.2717518210411072, 0.26752641797065735, 0.2640232741832733, 0.26254549622535706, 0.2646379768848419, 0.26241007447242737, 0.25777876377105713, 0.2532941699028015, 0.24953612685203552, 0.24248500168323517, 0.23803460597991943, 0.23625053465366364, 0.2329365611076355, 0.22425827383995056, 0.23398664593696594, 0.22608233988285065, 0.22123520076274872, 0.21729004383087158, 0.21185113489627838, 0.20626160502433777, 0.20212918519973755, 0.20021586120128632, 0.19632898271083832, 0.19301046431064606, 0.19151051342487335, 0.18834535777568817, 0.18300233781337738, 0.1826920360326767, 0.1816471666097641, 0.18097130954265594, 0.17981769144535065, 0.18146738409996033, 0.1814306378364563, 0.18022558093070984, 0.1801251620054245], "acc": [0.12238000333309174, 0.43027999997138977, 0.6169000267982483, 0.6098200082778931, 0.5781999826431274, 0.5626599788665771, 0.5642799735069275, 0.5742999911308289, 0.5807600021362305, 0.5805799961090088, 0.5735999941825867, 0.5763000249862671, 0.5835400223731995, 0.5911999940872192, 0.5963000059127808, 0.6065400242805481, 0.6129000186920166, 0.6162199974060059, 0.6298999786376953, 0.6397200226783752, 0.6197800040245056, 0.6317600011825562, 0.63919997215271, 0.647599995136261, 0.6545400023460388, 0.6647400259971619, 0.671180009841919, 0.6774799823760986, 0.6829800009727478, 0.6870800256729126, 0.6795200109481812, 0.688260018825531, 0.6895800232887268, 0.692520022392273, 0.6942399740219116, 0.6923800110816956, 0.6912800073623657, 0.6955000162124634, 0.6923800110816956, 0.6971399784088135, 0.6962800025939941], "val_loss": [0.6302725076675415, 0.1126239225268364, 0.14344856142997742, 0.10970788449048996, 0.14660613238811493, 0.14594405889511108, 0.15277862548828125, 0.12203474342823029, 0.13385434448719025, 0.12410473823547363, 0.10421639680862427, 0.09732229262590408, 0.0952993705868721, 0.0972042977809906, 0.09525249153375626, 0.1005064994096756, 0.08980479836463928, 0.06890261918306351, 0.07147745788097382, 0.061840642243623734, 0.06204722821712494, 0.054908573627471924, 0.05058450624346733, 0.04692117124795914, 0.046014320105314255, 0.04036399722099304, 0.037269476801157, 0.037395697087049484, 0.033295005559921265, 0.033186305314302444, 0.031238263472914696, 0.03125375881791115, 0.029937027022242546, 0.02942011132836342, 0.029040856286883354, 0.028968902304768562, 0.029019830748438835, 0.029041701927781105, 0.02892369031906128, 0.02871142327785492, 0.029127664864063263], "val_acc": [0.19429999589920044, 0.8313999772071838, 0.8176000118255615, 0.8166999816894531, 0.7634000182151794, 0.7339000105857849, 0.7293999791145325, 0.7975000143051147, 0.7605000138282776, 0.7870000004768372, 0.8170999884605408, 0.8277999758720398, 0.835099995136261, 0.8389000296592712, 0.8335999846458435, 0.8212000131607056, 0.838699996471405, 0.8838000297546387, 0.8769000172615051, 0.9003999829292297, 0.9003000259399414, 0.9110999703407288, 0.913100004196167, 0.9226999878883362, 0.925000011920929, 0.9291999936103821, 0.9352999925613403, 0.9359999895095825, 0.9437000155448914, 0.9462000131607056, 0.949999988079071, 0.9503999948501587, 0.9510999917984009, 0.9524000287055969, 0.9527999758720398, 0.9526000022888184, 0.9523000121116638, 0.9516000151634216, 0.9513000249862671, 0.9519000053405762, 0.9509999752044678]}